month,cov,ks_conf,mean_conf,est_cov,set_size,frac_single,emb_shift,pred_entropy
2018-01,0.9216666666666666,0.05416666666666667,0.8054738589364111,0.8967355748162827,1.295,0.715,0.09456603,0.5707701590052306
2018-02,0.8966666666666666,0.06263888888888888,0.7803727093772036,0.8709784420800282,1.2966666666666666,0.7233333333333334,0.05638582,0.656889886901753
2018-03,0.8916666666666667,0.029444444444444443,0.8021776999655528,0.8843011612834516,1.2633333333333334,0.7466666666666667,0.042394888,0.5916119993278264
2018-04,0.9166666666666666,0.057916666666666665,0.8062174210359399,0.8910772116677557,1.2766666666666666,0.7416666666666667,0.047580436,0.575799028927007
2018-05,0.9066666666666666,0.029166666666666667,0.7940941535764966,0.8765608145842047,1.2733333333333334,0.7366666666666667,0.042190805,0.6219515247474002
2018-06,0.9,0.015277777777777777,0.7967175319516633,0.8838547313279131,1.28,0.7316666666666667,0.0464016,0.606522699803341
2018-07,0.915,0.05305555555555556,0.8184440142564618,0.8948977062471011,1.2466666666666666,0.7666666666666667,0.042830057,0.5538653312925956
2018-08,0.9216666666666666,0.044444444444444446,0.8025445687253634,0.8867216109402509,1.2766666666666666,0.75,0.054578964,0.592433943352597
2018-09,0.8883333333333333,0.04041666666666666,0.8045623976787963,0.8874572490721194,1.2733333333333334,0.7433333333333333,0.052817285,0.5881314239896636
2018-10,0.8683333333333333,0.07138888888888889,0.781714631348342,0.8678276130549322,1.2833333333333334,0.73,0.051859677,0.6610819887027474
2018-11,0.8716666666666667,0.04833333333333333,0.7911320165638972,0.8731791862353507,1.2716666666666667,0.745,0.04657643,0.6330956909108577
2018-12,0.9033333333333333,0.03763888888888889,0.7896468403061404,0.8769655215839532,1.2933333333333332,0.7233333333333334,0.0479927,0.635677233856437
2019-01,0.87,0.02361111111111111,0.7960669539376009,0.8815660597354855,1.2816666666666667,0.7333333333333333,0.05823492,0.6096793502514355
2019-02,0.87,0.02875,0.7965525093981589,0.8750589898546264,1.26,0.7516666666666667,0.040943887,0.6201516678798782
2019-03,0.9083333333333333,0.03847222222222222,0.7911393227673054,0.878804865818145,1.2916666666666667,0.7216666666666667,0.055561744,0.6251923060667777
2019-04,0.8916666666666667,0.03138888888888889,0.7993901849025751,0.8847664181621587,1.2866666666666666,0.73,0.05415462,0.6025001822083386
2019-05,0.8733333333333333,0.024722222222222222,0.7950028227343691,0.8790506534285089,1.2733333333333334,0.74,0.053567734,0.6158535485744687
2019-06,0.8683333333333333,0.04611111111111111,0.7858968853140673,0.8726577177989269,1.285,0.7333333333333333,0.08188728,0.6451946805148997
2019-07,0.895,0.04013888888888889,0.7911340581057515,0.8761928983345882,1.2866666666666666,0.735,0.05099453,0.6321501045529565
2019-08,0.9183333333333333,0.03666666666666667,0.7917767262512663,0.8834439394648956,1.295,0.7216666666666667,0.0702145,0.6167960794611386
2019-09,0.8766666666666667,0.06152777777777778,0.7770058662663979,0.8723663535250531,1.32,0.7066666666666667,0.081718914,0.6555502109093608
2019-10,0.88,0.06763888888888889,0.7725803942034588,0.8661185033424719,1.31,0.705,0.057042077,0.6741401776805258
2019-11,0.895,0.06277777777777778,0.7820292651590907,0.8803150713080011,1.3316666666666668,0.69,0.078019276,0.6469373312472261
2019-12,0.88,0.07388888888888889,0.7751472900254318,0.8716139033731156,1.3133333333333332,0.7033333333333334,0.045515902,0.66698039543409
2020-01,0.86,0.07527777777777778,0.7802108885335203,0.8736353110376456,1.31,0.7033333333333334,0.048595577,0.6569287091568232
2020-02,0.8783333333333333,0.1,0.7586549895846023,0.8603391313254712,1.33,0.6933333333333334,0.06874474,0.7112228270871193
2020-03,0.8983333333333333,0.025694444444444443,0.8004451228036217,0.8854441627963587,1.2716666666666667,0.7383333333333333,0.08738176,0.5986634204533633
2020-04,0.8983333333333333,0.024166666666666666,0.7943199245431365,0.8782102134146006,1.2766666666666666,0.7366666666666667,0.077075794,0.6213392466727247
2020-05,0.8883333333333333,0.042222222222222223,0.787644161193251,0.8758329749572067,1.3,0.7233333333333334,0.063423306,0.6393209731293621
2020-06,0.8983333333333333,0.08319444444444445,0.7761514854426769,0.8687734062568664,1.2966666666666666,0.7166666666666667,0.09684058,0.6684288068504354
2020-07,0.8833333333333333,0.04694444444444444,0.7877746805907463,0.8671451291105332,1.2533333333333334,0.7583333333333333,0.07075688,0.6392305858071369
2020-08,0.8816666666666667,0.05555555555555555,0.7814695341627991,0.873270583264651,1.3033333333333332,0.7133333333333334,0.07045136,0.6504667199919968
2020-09,0.8966666666666666,0.04833333333333333,0.7807969210869283,0.8762589791355564,1.3033333333333332,0.7166666666666667,0.07454403,0.6480620418606758
2020-10,0.9016666666666666,0.01888888888888889,0.7952937926951633,0.8773177752430883,1.2733333333333334,0.7483333333333333,0.10057418,0.6222800426160965
2020-11,0.8916666666666667,0.07583333333333334,0.769182705335481,0.8700833829009593,1.3366666666666667,0.6783333333333333,0.08515689,0.678206597970038
2020-12,0.9033333333333333,0.1063888888888889,0.7645220200978389,0.8632212346483186,1.3333333333333333,0.6883333333333334,0.0747029,0.6995087306743327
2021-01,0.8933333333333333,0.06666666666666667,0.7752691571963938,0.8674293365000506,1.3083333333333333,0.71,0.076293185,0.6753436549923962
2021-02,0.8916666666666667,0.0875,0.7814084964107928,0.8675131965998886,1.2883333333333333,0.7333333333333333,0.07998536,0.6703776714381644
2021-03,0.885,0.03791666666666667,0.7845947195555228,0.8755505515034023,1.3,0.7316666666666667,0.09159835,0.6410129033706322
2021-04,0.9083333333333333,0.04958333333333333,0.7847248649145012,0.8688937847227047,1.2733333333333334,0.74,0.08914374,0.6479663735228
2021-05,0.905,0.059722222222222225,0.7841392997721521,0.8747687783610877,1.3033333333333332,0.7133333333333334,0.07387276,0.6510993084172235
2021-06,0.8983333333333333,0.09902777777777778,0.7634553897169112,0.8644477262196254,1.3366666666666667,0.6916666666666667,0.10562868,0.6984885759150175
2021-07,0.8933333333333333,0.0751388888888889,0.774376010444857,0.8748076754064298,1.3333333333333333,0.6933333333333334,0.071713656,0.6680387191792896
2021-08,0.8816666666666667,0.05708333333333333,0.7849563133422549,0.869000644540835,1.2683333333333333,0.7433333333333333,0.0781645,0.6536573013270345
2021-09,0.8866666666666667,0.04805555555555555,0.7798928568778017,0.8656495678556291,1.2833333333333334,0.7333333333333333,0.111024976,0.6629875687654027
2021-10,0.8766666666666667,0.07694444444444444,0.7725525150293553,0.8639549195040608,1.3066666666666666,0.7083333333333334,0.080275476,0.6874211678278683
2021-11,0.895,0.07347222222222222,0.7768257639929831,0.8665223557022618,1.29,0.7283333333333334,0.085926086,0.6718413625950445
2021-12,0.91,0.06277777777777778,0.7738813537839128,0.8649193757061365,1.2966666666666666,0.7216666666666667,0.08844102,0.6770987850151342
2022-01,0.905,0.1125,0.7599705243909656,0.8619888500976043,1.3316666666666668,0.6816666666666666,0.07904518,0.7117029578044969
2022-02,0.92,0.08069444444444444,0.7643824818559447,0.8646972870850178,1.3433333333333333,0.6833333333333333,0.08303644,0.6969677657783871
2022-03,0.88,0.050972222222222224,0.7905575960030866,0.8667045555972811,1.25,0.7633333333333333,0.108101815,0.638286236117959
2022-04,0.8733333333333333,0.07930555555555556,0.7671144993452333,0.8564695307482306,1.3,0.7166666666666667,0.11613722,0.7000070114359351
2022-05,0.9066666666666666,0.07347222222222222,0.7747116433989724,0.8693656829105627,1.3116666666666668,0.7016666666666667,0.10489217,0.6749238889918583
2022-06,0.9083333333333333,0.08722222222222223,0.7676426077291411,0.8629367017210005,1.3183333333333334,0.7,0.10244585,0.6934658860597618
2022-07,0.9166666666666666,0.06444444444444444,0.775517091686833,0.8701573750677668,1.3083333333333333,0.7083333333333334,0.085109524,0.6665226470566149
2022-08,0.88,0.03652777777777778,0.7950899095987535,0.8675509607953021,1.2433333333333334,0.765,0.07244085,0.6451146844765056
2022-09,0.895,0.06305555555555556,0.7752238385907367,0.8629829435585851,1.2883333333333333,0.73,0.09065882,0.6771798738279016
2022-10,0.9016666666666666,0.08416666666666667,0.7732208917688371,0.8639673199765528,1.2966666666666666,0.7166666666666667,0.11570615,0.6803695039006658
2022-11,0.8983333333333333,0.10930555555555556,0.759772456568737,0.8628598546608726,1.34,0.6916666666666667,0.09889649,0.7078297868633403
2022-12,0.885,0.059166666666666666,0.7732950634052536,0.8662731340548426,1.3083333333333333,0.7216666666666667,0.11006203,0.6772099181679921
2023-01,0.89,0.07152777777777777,0.7743491421434883,0.8581375477230758,1.2716666666666667,0.7466666666666667,0.084565565,0.685603774726326
2023-02,0.8866666666666667,0.13680555555555557,0.7508503441848734,0.85768160299089,1.345,0.6733333333333333,0.10157449,0.7312435482458118
2023-03,0.895,0.06972222222222223,0.7684840908777559,0.862415833705085,1.305,0.7066666666666667,0.12020144,0.689303580383385
2023-04,0.8933333333333333,0.08277777777777778,0.7692669329307527,0.8638869593784928,1.3183333333333334,0.695,0.098146945,0.6946635800455048
2023-05,0.8883333333333333,0.08625,0.7682824961836708,0.8642141553453943,1.32,0.705,0.15356669,0.690549172475846
2023-06,0.875,0.11875,0.7553846175415475,0.8566578641828956,1.3416666666666666,0.6816666666666666,0.13232265,0.7249432983328485
2023-07,0.8783333333333333,0.07972222222222222,0.7640124150204279,0.8608487982333872,1.3183333333333334,0.6983333333333334,0.12134845,0.6993848798772012
2023-08,0.8666666666666667,0.09166666666666666,0.7638559094778744,0.8659971519017146,1.33,0.6833333333333333,0.11457024,0.6883810858015887
2023-09,0.8916666666666667,0.08236111111111111,0.778063314416426,0.8680813279322668,1.3033333333333332,0.7166666666666667,0.13008006,0.6747767309965941
2023-10,0.8366666666666667,0.10972222222222222,0.7547953220215398,0.850597344714044,1.325,0.7,0.15399434,0.7338815713806497
2023-11,0.8833333333333333,0.05708333333333333,0.7751252763937343,0.8679981275660669,1.3033333333333332,0.715,0.14804702,0.6744119902451459
2023-12,0.8733333333333333,0.08375,0.7731005577484404,0.8619918837281889,1.3,0.7166666666666667,0.14149377,0.6890342965757823
2024-01,0.895,0.050833333333333335,0.7779385145973751,0.8665667426096381,1.2916666666666667,0.7316666666666667,0.13209812,0.6716801355193017
2024-02,0.8733333333333333,0.10555555555555556,0.7526548462218967,0.8515089445556883,1.3416666666666666,0.685,0.16311999,0.7376784660973688
2024-03,0.8916666666666667,0.052222222222222225,0.7841231421218479,0.8651592434894915,1.2733333333333334,0.745,0.14589834,0.666857152437196
2024-04,0.8616666666666667,0.08083333333333333,0.7709830475793804,0.8604078493538271,1.3066666666666666,0.705,0.1532951,0.6899567395459802
2024-05,0.87,0.14916666666666667,0.7349986672708184,0.8415063281560309,1.36,0.6666666666666666,0.13562492,0.7815309888529385
2024-06,0.8583333333333333,0.13152777777777777,0.7486347962326714,0.8485014526528883,1.3366666666666667,0.6883333333333334,0.18357491,0.7511535862226173
2024-07,0.8683333333333333,0.08541666666666667,0.773263958602715,0.8578835193994905,1.28,0.74,0.15841956,0.6927051396454313
2024-08,0.84,0.10055555555555555,0.7598334106592854,0.8522342097117065,1.3033333333333332,0.7116666666666667,0.15173738,0.722531568607947
2024-09,0.855,0.10194444444444445,0.7581102058635624,0.8551362781460947,1.325,0.6983333333333334,0.16643797,0.7208494932466674
2024-10,0.8716666666666667,0.12958333333333333,0.7582133960205194,0.8519327490652728,1.3133333333333332,0.7033333333333334,0.17519473,0.7366531889192675
2024-11,0.8766666666666667,0.12361111111111112,0.7527941507166603,0.8513872635384301,1.33,0.69,0.1616341,0.7467716511430513
2024-12,0.88,0.09152777777777778,0.7628902893396812,0.8478411908466317,1.2916666666666667,0.725,0.17431949,0.7248651810176651
2025-01,0.8616666666666667,0.14569444444444443,0.7438139871841226,0.8390110146712014,1.3166666666666667,0.6933333333333334,0.15052298,0.7708842774866634
2025-02,0.8366666666666667,0.16402777777777777,0.7293187340899332,0.848927795176212,1.4116666666666666,0.62,0.19690157,0.7917019928775718
2025-03,0.8783333333333333,0.11638888888888889,0.7473639478753533,0.8455008455434624,1.33,0.6933333333333334,0.18941964,0.7575797877426687
2025-04,0.8316666666666667,0.11847222222222223,0.7510303279926425,0.8449026388342225,1.32,0.7083333333333334,0.18606865,0.7506694670274839
2025-05,0.8283333333333334,0.19625,0.7203464951671396,0.8289620584732987,1.365,0.66,0.22245987,0.8279280561846374
2025-06,0.8266666666666667,0.15305555555555556,0.7296465450288891,0.8396448792696901,1.3833333333333333,0.6516666666666666,0.21048,0.7971281263214706
2025-07,0.8266666666666667,0.14625,0.7343946870490149,0.8375859054027599,1.3516666666666666,0.6716666666666666,0.1809986,0.7877618555305664
2025-08,0.83,0.1751388888888889,0.7249376595999574,0.8329130416170506,1.3683333333333334,0.6583333333333333,0.18998063,0.8141519373681647
2025-09,0.8533333333333334,0.14,0.7380524144566023,0.8398223937741781,1.3483333333333334,0.665,0.1985848,0.7831090798961675
2025-10,0.8433333333333334,0.20180555555555554,0.718715994834263,0.8329633546350574,1.3733333333333333,0.6483333333333333,0.20702843,0.8250159893287716
2025-11,0.85,0.15263888888888888,0.7371503467618646,0.8298391110019905,1.3116666666666668,0.7,0.20720454,0.800222479912025
2025-12,0.8383333333333334,0.17041666666666666,0.7288612939502765,0.8351229734640729,1.3583333333333334,0.675,0.20350084,0.802694372239971
2026-01,0.835,0.17180555555555554,0.7189047147251311,0.832275718023815,1.3783333333333334,0.6516666666666666,0.22420485,0.8237211070537065
2026-02,0.82,0.20805555555555555,0.7139091406233253,0.8237714195580595,1.37,0.6583333333333333,0.2299719,0.8489359490989231
2026-03,0.8316666666666667,0.1776388888888889,0.7284955996950663,0.8255437592684579,1.335,0.6966666666666667,0.21375692,0.8169619189126058
2026-04,0.8216666666666667,0.185,0.7230788575347467,0.8266111951512758,1.3566666666666667,0.6683333333333333,0.23079267,0.8275946972932322
2026-05,0.815,0.22375,0.6975313393081807,0.8138663293240925,1.3933333333333333,0.6316666666666667,0.23705359,0.8893695600558622
2026-06,0.8433333333333334,0.20527777777777778,0.7118891956275681,0.8139745694500491,1.35,0.6683333333333333,0.24483538,0.8654691557733069
2026-07,0.8283333333333334,0.22277777777777777,0.7004229086344119,0.8186004223212081,1.41,0.6283333333333333,0.22464205,0.8894705314706459
2026-08,0.7816666666666666,0.21708333333333332,0.6936851798073015,0.8084729557187091,1.395,0.6333333333333333,0.23932359,0.9100403286610508
